,
formax three cuba stand small minor meat  corrective actions r and s,formax three cuba stand small minor meat  corrective actions r and s
formax physician  three formax relax street  small minor meat  corrective actions r and s,formax possition three formax rework chute small minor meat corrective actions r and s
about one but major meat inside belt,metal ditector belt one large major meat inside belt
going to blender  one small minor meat on screw,auger to blender one small minor meat on screw
there one large major meat inside runners and cooks,metal detecor one large major meat inside runners and coges
formax four  general  small minor mate  corrective actions r and s,formax four general small minor meat corrective actions r and s
formax two  catch tray  small minor meat  corrective actions  r and s,formax two catch tray small minor meat corrective actions r and s
i frigo freezer three  small minor meat on floor corrective actions  r and s,frigo freezer three small minor meat on floor corrective actions  r and s
paraphernalia areas test kitchen general small minus scum  are and s o,paraphernalia areas test kitchen general small minor scum r and s
batching tools  small major meat on tools  corrective actions  r and s,batching tools small major meat on tools corrective action r and s
paraphernalia oil areas  test kitchen general small minus scum  corrective actions r and s,paraphernalia areas test kitchen general small minor scum corrective action r and s
blender  two discharge small minor meat inside throat  corrective actions r and s,blender two discharge small minor meat inside throat corrective actions r and s
formax position for conveyor belt  small minor meat  corrective actions r and s,formax possision 4 convayor belt small minor meat corrective actions r and s
formax position for conveyor belt  small minor meat  corrective actions r and s,formax possition four conveyor belt small minor meat corrective action r and s
formax small minor meat  on belt,incline convayor to formax small minor meat on belt
formax three cuba stands small minor meat  corrective actions r and s,formax 3 cuba stand small minor meat corrective actions r and s
combo bin hoist one large major meat on framework,combo bin hoist one large major meat on framework
blender  two small minor meat on feed  screw,auger to blender two small minor meat on feed screw
i frigo one small minor meat  it 's corrective actions r and s,frigo one small minor meat on the hoods corrective actions r and s
formax position for a belt  small minor meat  corrective actions r and s,formax possition four convayor belt small minor meat corrective actions r and s
primary grinder two ocasion general  small minor meat inside happe,primary grinder two location general small minor meat inside hopper
next two general minor meat corrective actions on it,formax two general small minor meat corrective actions r and s
conveyor blenders  two  small minor meat,convayor blanders two small minor meat
blender  one location feed  screw small  minor meat on framework,grinder one location fid screw small minor meat on framework
overhead conveyor from palletising  i large major dust particles on rollers  corrective actions  r and s,overhead convayor from palletizing large major dust particles on rollers corrective actions r and s
mixer grinder location  general small minor meat on hood,auger to mixer grinder location general small minor meat on hood
incline conveyor location that general small minor meat on framework,frozen block incline convayor location general small minor meat on framework
combo bin host number two small minor meat on framework,combo bin hoist number two small minor meat on framework
figure skandia one small minor meat on hood  corrective actions r and s,fregoscendia one small minor meat on hood corrective actions r and s
blender  one location  sample port  small minor meat on framework,blender one location sample ports small minor meat on framework
i 'll go to blender one  daniel small  minor meat on framework,overheads to blender one location general small minor meat on framework
blender  two locations  sample port parts small minor meat,blender two location sample port parts small minor meat
formax position three rework street  small man minor meat  corrective actions r and s,formax position three rework chute small minor meat corrective action r and s
formax three general  small minor meat  corrective actions r and s,fomac three gemeral small minor meat corrective actions r and s
rework  location framework  small minor meat,bin hoist rework location framework small minor meat
conveyor between blender  one small minor myths and runners,conveyor between blender one small minor meat on runners
pattie stacker one  blue bands pack off belt  small minor meat  traction action  are and s,paddy stucker one blue bands packoff belt small minor meat corrective action r and s
formax location  general  small minor meat on belt,incline convayor to formax location general small minor meat on belt
pack off  offline metal detector  small minor meat  corrective actions r and s,packoff offline metal detector small minor meat corrective actions r and s
one  small minor meat and feed school,small minor meat in feed screw
conveyor to formax general  location belt small minor meat,incline convayor to formax general location belts small minor meat
pack off  spare stackers storage rack  small minor meat  corrective actions r and s,packoff spare stacker storage rack small minor meat corrective action r and s
formax three cuba stand small minor meat  corrective actions r and s,formax three cuba stand small minor meat corrective action r and s
sanitation aprons  small minor meat on aprons  corrective actions r and s,sanitation apron small minor meat on aprons corrective actions r and s
formax position three box  acceptable,formax position three tool box a c accepted
mixer grinder two feed screw facing  i large major meat along screw r and s,mixer grinder two fid screw facing large major meat along screw r and s
auger to blender  two small minor meat on screw,auger to blender two small minor meat on screw
formax two  catch tray  small minor meat  corrective actions r and s,formax two catch tray small minor meat corrective action r and s
metal detector on line one conveyor belt under stackers  small major meat on the motor cover corrective actions  r and s,paddy metal detector on line one conveyor belt under stacker small major meat under motor cover corrective actions  r and s
pattie stacker one  small minor meat  late bands pack off belt  corrective action and s,packoff padi stacker one small minor meat blue band packoff belt corrective actions r and s
how do you stop ? four  general ? small minor meat  corrective actions r and s,padi stacker four general small minor meat corrective actions r and s
metal detector  one large my i large major meat  inside the belt,metal detector one large major meat inside the belt
formax possession three rework shute  small minor meat  corrective actions r and s,formac position three rework chute small minor meat corrective action r and s
pack loss overhead conveyor from palletising  i small minor  hobbled  corrective actions r and s,packoff overhead conveyor from palletising small minor cardbord corrective actions r and s
metering hopper one general small minor meat inside hopper,meatering hopper one general small minor meat inside hopper
formax position full  conveyors feeding  formax four  general  small minor meat  corrective actions r and s,formax position four convayor feeding formax four general small minor meat corrective actions r and s
blender two inside small minor meat on sales,blender two location inside small minor meat on seals
combo bin hoist number one location frameworks small minor meat,combo bin hoist number one location frameworks small minor meat
i stands  small minor meat s,cuba stands small minor meat r and s
metal detector  one drop chute  small minor meat on the back of the shirt  corrective actions r and s,metal detector one drop chute small minor meat on the back of the chute ocorrective actions r and s
blending cart small minor meat on framework,blending cart small minor meat on framework
primary grinder  two top small minor meat  find rails in grinder  corrective actions r and s,primary grinder two top small minor meat behind rails in grinder corrective actions r and s
forgiveness  katia freezer about two  freezing tunnel pocket  two small minor meat  corrective actions r and s,frizengardia frizer belt two frizer tunnel pocket two small minor meat corrective action r and s
formax three carts  for my minor meat  corrective actions r and s,formax three crarts small minor meat corrective actions r and s
frozen block incline conveyor  small minor meat on runners,frozen block incline convayor small minor meat on runners
metal detector  two drop chute  small minor meat on shute direction and s,metal detector two drop chutes small minor meat on chute corrective actions r and s
offline metal detector  small minor meat  on framework  corrective actions r and s,packoff offline metal detector small minot meat on framework corrective actions r and s
two small minor meat on framework,small minor meat on framework
formax two  hopper belt un corrective action  are and s,formax two coper belt u n corrective actions r and s
primary grinder two look top small  minor meat inside hopper,primery grinder two location top small minor meat inside hopper
formax position four  i framework small minor meat  corrective actions r and s,formax position four framework small minor meat  corrective actions r and s
formax three cubers standard  small minor meat  corrective actions r and s,formax three cuba stand small minor meat  corrective actions r and s
formax three nuts  small minor meat  corrective actions r and s,formax three carts small minor meat  corrective actions r and s
hey  metal detector on line one conveyor about under stacker  small major meat under motor cover corrective actions  r and s,patty metal detector on line one conveyor belt under stacker small major meat under motor cover corrective actions r and s
blender  one sample port  small minor meat  on framework,blender one sample ports small minor meat on framework
metering hopper one auger  no minor meat in groove up top corrective actions r and s,metering alone auger small minor meat fat in groov at the top corrective actions r and s
primary grinder number one small minor meat on hood and not,primery grinder number one small minor meat on hood and nut
pattie stacker three small major meat  under pigtails,paddi stacker three small major meat under pig tails
formax position one rework shape small minor meat correction  action r and s,formax position one rework chute small minor meat corrective action r and s
factor  two location belt small minor meat in kogi,metal detector two location belt small minor meat in in cogs
how do you stacker four corrective actions r and s small minor meat,paddy stacker four corrective actions r and s
formax position three  general walls  small minor meat  corrective actions r and s,formax position three general walls small minor meat corrective actions r and s
i pack off patty metal detector on line four  outside frame small minor meat  corrective action r and s,pakeoff pedi metal detector on line four outside brain small minor meat corrective actions r and s
blender  one location  sample port  small minor meat on framework,blender one location smaple port small minor meat on framework
formax position four  formax carts full small minor meat  corrective actions r and s,formax position four formax carts four small minor meat  corrective actions r and s
formax position four  transform conversion parts  i small  minor scum corrective that are and s,formax position four transform conversion parts small minor scum corrective actions r and s
figures  guardia freezer one freezing tunnel belt one  i large major meat corrective action  see and ah,frigoscandia freezer one freezer tunnel belt one large major meat corrective action c and r
tackle  locker  tray  corrective actions r and s,pakeoff staka tray corrective actions r and s
formax position one tenderform conversion parts  small minor meat  corrective actions r and s,formax position one tenderform conversion parts small minor meat corrective action r and s
conveyor formax  more minor meat,incline convayor to formax small minor meat
overheads  small minor meat  and front of the mirror,overheads samll minor meatinfront of the mirror
class metal detector line four  i framework small minor meat  corrective actions  r and s,packoff metal detector line four framework small minor meat corrective actions r and s
pattie stacker  one blue bands pack off belt  correction  action and s,pady stacker one blue band stackoff belts corrective actions r and s
formax position three  walls  small minor meat  corrective action  are and s,formax position three  walls  small minor meat  corrective action r and s
formax position four  conveyors  feeding formax 's four for minor meat  corrective actions r and s,formax position four convayor feeding formax four small minor meat corrective actions r and s
blender two small minor meat underbid school,blender two small minor meat on the big school
formax position for drop chute  small minor meat  corrective actions r and s,formax position for drop chute small minor meat corrective actions r and s
formax one general small minor meat  corrective actions r and s,formax one general small minor meat corrective actions r and s
pattie stacker four  general  small minor meat  corrective actions r and s,paddy stacker four general small minor meat corrective actions r and s
blending cart number two small minor meat on framework,belending cart number two small minor meat on framework
pattie stacker three  under pigtails  small minor meat  corrective actions r and s,pady stacker three under pigtails small minor meat corrective actions r and s
for gross cardia freezer tunnel belt one large major meat  corrective action  are and s,frigoscandia freezer tunnel belt one large major meat corrective answer r and s
formax position two relax  shayt  small minor meat  corrective actions r and s,formax position two green work chute small minor meat corrective actions r and s
fast  pattie stacker four  pig tails  small minor meat  corrective actions r and s,packoff pady stacker four pigy tails small minor meat corrective actions r and s
pack off spaced second storage rack  small minor meat  corrective action and s,packoff spare stacker storage rack small minor meat corrective action r end s
formax position three  conveyor belt  small minor meat  corrective actions r and s,formax position three convayor belt small minor meat corrective actions r and s
auger to raj major meat inside belt  location  qods,metal detector two large major meat inside belt location cotes
formax position four hopper belt  small minor meat  corrective actions r and s,formax position four coper belt small minor meat corrective actions  r and s
bin  hoist  rework small minor meat on bar  corrective actions  r and s,bin hoist rework small minor meat on bar corrective action r and s
i detector one  i belt small minor meat and cokes,metal detector 1 belt small minor meat on cogs
metal detector  two small minor meat and coats,metal detector 2 small minor meat on coats
i detector two small minor meat  inside cooks,metal detector twosmall minor meat in kogs
so minor meat and overheads,small minor meat at overheads
to blender square small minor meat,auger to blender feed screw small minor meat
to blender  small minor meat inside red screw,auger to blender small minor meat inside feed screw
bin hoist one i large major meat  on framework,coverbil hoist one large major meat on framework
hopper two  i location  small minor meat and screw,metering hopper two auger location small minor meat in screw
metering hopper two  auger small minor meat and screw,metering hopper two auger small minor meat on screw
overheads  small minor meat,overheads small minor meat
overheads  small minor meat,overheads small minor meat
metal detector  two small minor meat inside cokes,metal detecor two small minor meat inside cogs
overheads scam meat minor  extensive between the rolls corrective actions r s,overheads  scum meat minor  extensive between the rolls  corrective actions r s
primary grinder two general small minor meat inside hopper,primery grinder two general small minor meat inside hopper
block incline conveyor  small minor meat inside runners,frozen block incline conveyor small minor meat inside runners
metering hopper one  auger  locations  more monument and school,metering hopper one over location small minor meat in screw
metal detector  two small minor meat and pogs,metal detector 2 small minor meat on cogs
over to blender  two small minor meat  inside  screw,auger to blender to small small minor meat insid feed screw
metering hopper one  overheads  small minor meat,metering hopper one auger small minor meat
metering hopper one over small minor meat,metering hopper one over small minor meat
i 'm going to blender one jenin general  small minor meat on frameworks,auger to blender one general small minor meat on framework
combo scale small minor meat,combo scales small minor meat
pewter screen  small  extensive scam between the rollers  corrective action w,computer screen small  extensive scam between the rollers corrective actions w r
i hoist two small minor meat  on framework  i,combo bin hoist two small minor meat on framework
auger to blender two  small minor meat and feed screw  yeah,auger to blender two small minor meat in feed screw
small minor meat on combo scale,small minor meat on combo scale
i belt small  minor meat location inside the cogs,metal detector 2 belts small minor meat location inside the coats
formax three hopper stand  small minor meet corrective action and s,formax three cuba stand small minor meat  corrective actions r and s
formats position three  format  relax sheet  small minded mate  property  that 's an rns,formax possition three formax rework chute small minor meat corrective actions r and s
about one but major meat inside belt,metal ditector belt one large major meat inside belt
blender one inside manner  meet and screw,auger to blender one small minor meat on screw
hector one large major meat inside runners and cooks,metal detecor one large major meat inside runners and coges
formax four general small minor mate  corrective action rns,formax four general small minor meat corrective actions r and s
cat 's tray  small manner  me corrective action rns,formax two catch tray small minor meat corrective actions r and s
small minded meet on floor corrective action rns,frigo freezer three small minor meat on floor corrective actions  r and s
paraphernalia areas  test kitchen general  small minus come r and s o,paraphernalia areas test kitchen general small minor scum r and s
back in tails  small major meat on tools  corrective action and s,batching tools small major meat on tools corrective action r and s
paraphernalia areas  test kitchen general small minus come corrective action r and s,paraphernalia areas test kitchen general small minor scum corrective action r and s
blender two discharge small mountain made inside throat  corrective action and s,blender two discharge small minor meat inside throat corrective actions r and s
formax four doors have a belt  small minded make corrective action rns,formax possision 4 convayor belt small minor meat corrective actions r and s
four  they are built  small minded meet corrective action rns,formax possition four conveyor belt small minor meat corrective action r and s
for max  small minor meets  on about,incline convayor to formax small minor meat on belt
formax three cups uba stance small man and make corrective action rns,formax 3 cuba stand small minor meat corrective actions r and s
,combo bin hoist one large major meat on framework
to blend it to small minor meet on food school,auger to blender two small minor meat on feed screw
frigo  one small minor mate  it 's correct reduction rns,frigo one small minor meat on the hoods corrective actions r and s
formax two doors ishan for belt  small man  inmate corrective action r n s,formax possition four convayor belt small minor meat corrective actions r and s
primary grinder two top ocasion general  small minor mint inside hapa,primary grinder two location general small minor meat inside hopper
next to general meat correctly election on it,formax two general small minor meat corrective actions r and s
blenders  two  small minor meat,convayor blanders two small minor meat
under one location screws small minor meet on framework,grinder one location fid screw small minor meat on framework
large major dust particles on rollers  corrective action and s,overhead convayor from palletizing large major dust particles on rollers corrective actions r and s
the next year  grander location general small minor made on who,auger to mixer grinder location general small minor meat on hood
frozen block incline conveyor general small minor meet on framework,frozen block incline convayor location general small minor meat on framework
number being host number two small minor meet on framework,combo bin hoist number two small minor meat on framework
small minor meet on hood corrective action rns,fregoscendia one small minor meat on hood corrective actions r and s
blender one sample port small minor meet on framework,blender one location sample ports small minor meat on framework
i 'll go to location  daniel  small  minor meet on framework,overheads to blender one location general small minor meat on framework
two locations  sample fourth part small minor meat,blender two location sample port parts small minor meat
from exposition three  relax street  small man  mine and meat  corrective action  r n s,formax position three rework chute small minor meat corrective action r and s
formax three general small minor mate  corrective action rns,fomac three gemeral small minor meat corrective actions r and s
be high to me work  location framework  small minor meat,bin hoist rework location framework small minor meat
conveyor between blenders one general myth and runners,conveyor between blender one small minor meat on runners
pattie stacker one general loop bands pack off belt  small minded mate  traction action  and s,paddy stucker one blue bands packoff belt small minor meat corrective action r and s
the location  general  small minor meet on belt,incline convayor to formax location general small minor meat on belt
back off  offline metal detector offline metal detector action,packoff offline metal detector small minor meat corrective actions r and s
small minor meat and fish school,small minor meat in feed screw
conveyor to formax two general  location belt small monument,incline convayor to formax general location belts small minor meat
back off  small minded mate  corrective action and s,packoff spare stacker storage rack small minor meat corrective action r and s
formax three hopper stand  small minor meet corrective action and s,formax three cuba stand small minor meat corrective action r and s
sanitation aprons  small minor meet on aprons  corrective action rns,sanitation apron small minor meat on aprons corrective actions r and s
max  position  three box e acceptable,formax position three tool box a c accepted
mixer grinder two feed screw facing large major meet along screw r and s,mixer grinder two fid screw facing large major meat along screw r and s
going to blender two general meet  unscrew,auger to blender two small minor meat on screw
catch tray  small minded meets  corrective action s,formax two catch tray small minor meat corrective action r and s
to take that online one on the stock  small major meat on the motor cover corrective action r and s,paddy metal detector on line one conveyor belt under stacker small major meat under motor cover corrective actions  r and s
how do you sucker one ? small minor mate  lay bands hack of belt  corrective action and s,packoff padi stacker one small minor meat blue band packoff belt corrective actions r and s
how do you stop ? 1/4 general ? small minor mate  corrective action rns,padi stacker four general small minor meat corrective actions r and s
metal detector one belt large my large major meat  inside the belt,metal detector one large major meat inside the belt
position  three rework shape  small man of meat  proactive action rns,formac position three rework chute small minor meat corrective action r and s
tax loss  small minor  hobbled  corrective action and s,packoff overhead conveyor from palletising small minor cardbord corrective actions r and s
metering hopper one general small minor meat inside hopper,meatering hopper one general small minor meat inside hopper
exposition full feeding  general  moorman inmate corrective action rns,formax position four convayor feeding formax four general small minor meat corrective actions r and s
blender two inside small minor meet on sales,blender two location inside small minor meat on seals
,combo bin hoist number one location frameworks small minor meat
cuba stands small minor meet s,cuba stands small minor meat r and s
metal detector one drop chute small amount of meat on the back of the shirt  corrective action and s,metal detector one drop chute small minor meat on the back of the chute ocorrective actions r and s
blending cart two small manner made and framework,blending cart small minor meat on framework
primary grinder two top small monta meat  behind rails in grinder  corrective action and s,primary grinder two top small minor meat behind rails in grinder corrective actions r and s
freezing tunnel pockets  too small  minor meat  corrective action and s,frizengardia frizer belt two frizer tunnel pocket two small minor meat corrective action r and s
formax three cups well  my my teammate  oppressive action rns,formax three crarts small minor meat corrective actions r and s
frozen block incline conveyor general meet on runners,frozen block incline convayor small minor meat on runners
metal detector two drop chute small amount of meat on shoot direction and s,metal detector two drop chutes small minor meat on chute corrective actions r and s
small minded mate  on framework corrective action  r n s,packoff offline metal detector small minot meat on framework corrective actions r and s
two small minor meet on framework,small minor meat on framework
felt un corrective action  s,formax two coper belt u n corrective actions r and s
primary grinder two top top small minor meat inside harper,primery grinder two location top small minor meat inside hopper
framework  small minded me corrective action rns,formax position four framework small minor meat  corrective actions r and s
formax three hopper stand  small minor meet corrective action rns,formax three cuba stand small minor meat  corrective actions r and s
formax three hopper arts  small minded meet corrective action rns,formax three carts small minor meat  corrective actions r and s
hey  metal detector one belt  under stacker  small major meet under motor cover corrective action and s,patty metal detector on line one conveyor belt under stacker small major meat under motor cover corrective actions r and s
blender one sample port small amount of meat  on framework,blender one sample ports small minor meat on framework
metering hopper one auger to meet in groove up the top corrective action and s,metering alone auger small minor meat fat in groov at the top corrective actions r and s
primarily grander number one small minor meet on hood and not,primery grinder number one small minor meat on hood and nut
pattie stacker three general major meat  and the pigtails,paddi stacker three small major meat under pig tails
reworks shape  small minded meet correction  action r n s,formax position one rework chute small minor meat corrective action r and s
factor to location built small minor meat and blogs,metal detector two location belt small minor meat in in cogs
how do you stuck a four corrective action rns  small minor mate,paddy stacker four corrective actions r and s
general walls  small minded meet corrective action rns,formax position three general walls small minor meat corrective actions r and s
back off  outside frame  small mind and meat  corrective action rns,pakeoff pedi metal detector on line four outside brain small minor meat corrective actions r and s
blender  one locations  sample ports  more manner meet on framework,blender one location smaple port small minor meat on framework
exposition for small minded meet proactive action rns,formax position four formax carts four small minor meat  corrective actions r and s
max  position for transform conversion parts  small minus scum corrected that  iran s,formax position four transform conversion parts small minor scum corrective actions r and s
frigoscandia freezer one freezer one exit freezing tunnel belt one  large major meet corrective action  see and ah,frigoscandia freezer one freezer tunnel belt one large major meat corrective action c and r
tackle  trey  corrective action  r n s,pakeoff staka tray corrective actions r and s
tenderform conversion parts so more money and meet corrective action and s,formax position one tenderform conversion parts small minor meat corrective action r and s
convey it to the max  more minor meat,incline convayor to formax small minor meat
overheads small minor meat  in front of the mirror,overheads samll minor meatinfront of the mirror
class metal detector line four  framework  small mining mate corrective action rns,packoff metal detector line four framework small minor meat corrective actions r and s
pattie stacker one blue bands pack off belt correction action rns,pady stacker one blue band stackoff belts corrective actions r and s
walls  small man inmate  corrective action  ernest,formax position three  walls  small minor meat  corrective action r and s
from exposition for for money mate  tracking action rns,formax position four convayor feeding formax four small minor meat corrective actions r and s
that 's a blender  too  small monem eat big school,blender two small minor meat on the big school
position for drop sheet  small mining mate  corrective action rns,formax position for drop chute small minor meat corrective actions r and s
formax one general small minor mate  corrective action rns,formax one general small minor meat corrective actions r and s
how do you stop the four general ? small minor make corrective action rns,paddy stacker four general small minor meat corrective actions r and s
blending cart two number two small manner meet on framework,belending cart number two small minor meat on framework
under pigtails  small amount of meat corrective action  r n s,pady stacker three under pigtails small minor meat corrective actions r and s
corrective action  r n s,frigoscandia freezer tunnel belt one large major meat corrective answer r and s
formats position to relax shape  small minded mate  corrective action rns,formax position two green work chute small minor meat corrective actions r and s
half past  piggy tails  small minded meet corrective action r and s,packoff pady stacker four pigy tails small minor meat corrective actions r and s
hacker space second storage rack  small minded meat  corrective action and s,packoff spare stacker storage rack small minor meat corrective action r end s
a belt  oh  man  i meet corrective action rns,formax position three convayor belt small minor meat corrective actions r and s
32 raj major meat inside belt  location code,metal detector two large major meat inside belt location cotes
formax four hopper belt small minor meet corrective action rns,formax position four coper belt small minor meat corrective actions  r and s
,bin hoist rework small minor meat on bar corrective action r and s
detector one  belt  small minor meat and cokes,metal detector 1 belt small minor meat on cogs
metal detector two belt minor meat and coats,metal detector 2 small minor meat on coats
detector to small minor meat  inside cooks,metal detector twosmall minor meat in kogs
so minor meat and overheads,small minor meat at overheads
blender one general meat,auger to blender feed screw small minor meat
blender two inside fed screw,auger to blender small minor meat inside feed screw
large major meat  on framework,coverbil hoist one large major meat on framework
hopper  too  oh  god  location  small minor made and screw,metering hopper two auger location small minor meat in screw
metering hopper two auger over small minor made and screw,metering hopper two auger small minor meat on screw
overheads small minor meat,overheads small minor meat
overheads small minor meat,overheads small minor meat
metal detector to small  minor meat inside cokes,metal detecor two small minor meat inside cogs
overheads scam meet minor extensive between the roles corrective actions are s,overheads  scum meat minor  extensive between the rolls  corrective actions r s
primary grinder two top general small minor meat inside hapa,primery grinder two general small minor meat inside hopper
block  small minor meat inside the runners,frozen block incline conveyor small minor meat inside runners
metering hopper one auger ogre ! locations  more monument and school,metering hopper one over location small minor meat in screw
metal detector to small matter meat and cogs,metal detector 2 small minor meat on cogs
over to blend it  too small minor makes inside  screw,auger to blender to small small minor meat insid feed screw
metering hopper one auger small minor meat,metering hopper one auger small minor meat
metering hopper one auger over small minor meat,metering hopper one over small minor meat
i 'm going to blender one general general  small minor meet on framework,auger to blender one general small minor meat on framework
scales more mine or me,combo scales small minor meat
pewter screen  small  extensive scam between the rollers  corrective action w,computer screen small  extensive scam between the rollers corrective actions w r
being hoist two small minor meets  on framework,combo bin hoist two small minor meat on framework
auger to blender two hopper small minor meat and fit school  yeah,auger to blender two small minor meat in feed screw
small minor meat and,small minor meat on combo scale
two bells  small minor meet location inside the cogs,metal detector 2 belts small minor meat location inside the coats
Floors accepted,Floors accepted
Drains accepted,Drains accepted
Metering hopper number one small minor fat outside walls. Corrective actions Removed and Sanitize,Metering hopper number one small minor fat outside walls. Corrective actions Removed and Sanitize
Knives accepted,Knives accepted
Pyramid Cart accepted,Pyramid Cart accepted
"Auger to blender number one, small minor fat inside wall","Auger to blender number one, small minor fat inside wall"
"Auger to blender, small minor fat inside wall","Auger to blender, small minor fat inside wall"
"Auger to blender number two, small minor fat inside wall","Auger to blender number two, small minor fat inside wall"
"Auger feed screw number one, small minor fat on screw","Auger feed screw number one, small minor fat on screw"
"Auger to blender number two hopper, small minor meat across top of hopper. Corrective actions R and S","Auger to blender number two hopper, small minor meat across top of hopper. Corrective actions R and S"
Metering hopper number one small minor meat at base of screw and seal. Corrective actions Removed and Sanitize,Metering hopper number one small minor meat at base of screw and seal. Corrective actions Removed and Sanitize
"Metal detector belt number two, small minor meat and fat on belt.","Metal detector belt number two, small minor meat and fat on belt."
"Drop chute number two, small minor meat in drop chute. Corrective actions R and S","Drop chute number two, small minor meat in drop chute. Corrective actions R and S"
Batching hand wash accepted.,Batching hand wash accepted.
Batching work station Inacceptable,Batching work station Inacceptable
Boot wash number one accepted,Boot wash number one accepted
Boot wash number two accepted,Boot wash number two accepted
Boot wash number three accepted,Boot wash number three accepted
"Auger to blender number two hopper, Inacceptable","Auger to blender number two hopper, Inacceptable"
"Auger to blender number two, NA","Auger to blender number two, NA"
"Inside mixer grinder one, small minor meat at base of grinder. Corrective actions R and S","Inside mixer grinder one, small minor meat at base of grinder. Corrective actions R and S"
"Inside mixer grinder one, small meat at base of grinder. Corrective actions Removed and Sanitize","Inside mixer grinder one, small meat at base of grinder. Corrective actions Removed and Sanitize"
"Inside mixer grinder one, minor meat at base of grinder. Corrective actions R and S","Inside mixer grinder one, minor meat at base of grinder. Corrective actions R and S"
"Inside mixer grinder one, small minor meat and fat at base of grinder.","Inside mixer grinder one, small minor meat and fat at base of grinder."
"Mixer grinder nut number one, small minor bone in nuts.","Mixer grinder nut number one, small minor bone in nuts."
"Mixer grinder feed screw facing number two, minor meat in end of screw. Corrective actions R and S","Mixer grinder feed screw facing number two, minor meat in end of screw. Corrective actions R and S"
Mixer grinder discharge number one grease. Corrective actions Removed and Sanitize,Mixer grinder discharge number one grease. Corrective actions Removed and Sanitize
"Augers to Blender two, small minor meat on framework. Corrective actions R and S","Augers to Blender two, small minor meat on framework. Corrective actions R and S"
"Mixer grinder discharge number two, small minor fat. Corrective actions R and S","Mixer grinder discharge number two, small minor fat. Corrective actions R and S"
"Mixer grinder discharge number one, small minor fat in throat. Corrective actions R and S","Mixer grinder discharge number one, small minor fat in throat. Corrective actions R and S"
"Pieco system parts, small minor meat in pipe.","Pieco system parts, small minor meat in pipe."
"Pieco system parts, small minor meat in pipe.","Pieco system parts, small minor meat in pipe."
"Blender Discharge number one, small minor meat at discharge and in tray. Corrective actions R and S","Blender Discharge number one, small minor meat at discharge and in tray. Corrective actions R and S"
"Blender Discharge number one, small minor meat at discharge and small minor fat in tray. Corrective actions R and S","Blender Discharge number one, small minor meat at discharge and small minor fat in tray. Corrective actions R and S"
"Blender sample port, small minor fat in throat of port. Corrective actions R and S","Blender sample port, small minor fat in throat of port. Corrective actions R and S"
"Small conveyor from mixer grinder catch trays, small minor meat in catch tray base. Corrective actions R and S","Small conveyor from mixer grinder catch trays, small minor meat in catch tray base. Corrective actions R and S"
"Small minor meat in grinder cover, Talsa sample grinder. Corrective actions R and S","Small minor meat in grinder cover, Talsa sample grinder. Corrective actions R and S"
"Incline conveyor to formax’s, small minor meat on belt.","Incline conveyor to formax’s, small minor meat on belt."
"Incline conveyor to formax’s, minor meat on belt.","Incline conveyor to formax’s, minor meat on belt."
"Incline conveyor to formax’s, small minor meat in belt of . Corrective actions R and S","Incline conveyor to formax’s, small minor meat in belt of . Corrective actions R and S"
"Mixer grinder feed screw facing number one, minor meat in end of screw. Corrective actions R and S","Mixer grinder feed screw facing number one, minor meat in end of screw. Corrective actions R and S"
"Conveyor between blender catch trays number two, small minor meat over tray. Corrective actions R and S","Conveyor between blender catch trays number two, small minor meat over tray. Corrective actions R and S"
"Augers, Small minor meat on top of augers. Corrective actions R and S","Augers, Small minor meat on top of augers. Corrective actions R and S"
Catch tray accepted,Catch tray accepted
Augers accepted,Augers accepted
Oil tray accepted,Oil tray accepted
Rework Shute accepted,Rework Shute accepted
Tool box accepted,Tool box accepted
"Mixer grinder discharge number one, not acceptable","Mixer grinder discharge number one, not acceptable"
"Pieco system part, not acceptable","Pieco system part, not acceptable"
"Blender Discharge number one, NA","Blender Discharge number one, NA"
Freezing tunnel belt number two accepted,Freezing tunnel belt number two accepted
"Freezing tunnel walls number two, small minor meat on walls. Corrective actions R and","Freezing tunnel walls number two, small minor meat on walls. Corrective actions R and"
"Freezing tunnel walls number one, small minor meat on walls. Corrective actions R and s","Freezing tunnel walls number one, small minor meat on walls. Corrective actions R and s"
"Freezer exit number two, small minor meat on framework. Corrective actions R and S","Freezer exit number two, small minor meat on framework. Corrective actions R and S"
Freezing tunnel belt number one small meat on belt.,Freezing tunnel belt number one small meat on belt.
"Freezer exit, small minor meat on framework. Corrective actions R and S","Freezer exit, small minor meat on framework. Corrective actions R and S"
Freezing tunnel belt number one small minor meat on belt and small minor fat on belt,Freezing tunnel belt number one small minor meat on belt and small minor fat on belt
Freezing tunnel belt number one meat on belt.,Freezing tunnel belt number one meat on belt.
Freezing tunnel belt number one small minor on belt.,Freezing tunnel belt number one small minor on belt.
Freezing tunnel belt number one small minor meat and fat on belt.,Freezing tunnel belt number one small minor meat and fat on belt.
Freezing tunnel belt number one small minor meat on belt and behind the blet . Corrective actions R and S,Freezing tunnel belt number one small minor meat on belt and behind the blet . Corrective actions R and S
Freezing tunnel belt small minor meat on belt.,Freezing tunnel belt small minor meat on belt.
Freezing tunnel belt number one meat on belt.,Freezing tunnel belt number one meat on belt.
Freezing tunnel belt number one small minor meat. Corrective actions R and S,Freezing tunnel belt number one small minor meat. Corrective actions R and S
Freezing tunnel belt number two small minor meat on belt.,Freezing tunnel belt number two small minor meat on belt.
"Freezing tunnel walls one, small minor meat on walls. Corrective actions R and S","Freezing tunnel walls one, small minor meat on walls. Corrective actions R and S"
"Freezing tunnel walls two, small minor meat on walls. Corrective actions R and S","Freezing tunnel walls two, small minor meat on walls. Corrective actions R and S"
"Freezing tunnel walls number one, accepted","Freezing tunnel walls number one, accepted"
Interface Fridge one accepted,Interface Fridge one accepted
Ammonia pipes above fridge one accepted,Ammonia pipes above fridge one accepted
"Freezing tunnel belt one number two, not acceptable","Freezing tunnel belt one number two, not acceptable"
"Freezing tunnel walls number two, not acceptable","Freezing tunnel walls number two, not acceptable"
"Freezing tunnel walls number one, NA","Freezing tunnel walls number one, NA"
Catch tray accepted,Catch tray accepted
Augers accepted,Augers accepted
Gaskets above augers accepted,Gaskets above augers accepted
Oil catch tray accepted,Oil catch tray accepted
Tenderform canal accepted,Tenderform canal accepted
Mold cover seal accepted,Mold cover seal accepted
Formax hopper belt small minor meat and fat scum on belt. Corrective actions Removed and Sanitize,Formax hopper belt small minor meat and fat scum on belt. Corrective actions Removed and Sanitize
Formax hopper belt minor meat and fat scum on belt. Corrective actions Removed and Sanitize,Formax hopper belt minor meat and fat scum on belt. Corrective actions Removed and Sanitize
Formax hopper belt small meat and fat scum on belt.,Formax hopper belt small meat and fat scum on belt.
Formax hopper belt meat and fat scum on belt.,Formax hopper belt meat and fat scum on belt.
Formax hopper belt small minor meat and fat scum on belt.  Corrective actions Removed and Sanitize,Formax hopper belt small minor meat and fat scum on belt.  Corrective actions Removed and Sanitize
Formax doors accepted,Formax doors accepted
"slide bar, small minor meat and greas down the side","slide bar, small minor meat and greas down the side"
"Green Rollers and Block , small minor meat on rollers. Corrective actions R and S","Green Rollers and Block , small minor meat on rollers. Corrective actions R and S"
Formax hopper not acceptable,Formax hopper not acceptable
"Freezing tunnel belt number three, small minor meat on belt. Corrective actions R and S","Freezing tunnel belt number three, small minor meat on belt. Corrective actions R and S"
"Freezing tunnel belt number three, meat on belt.","Freezing tunnel belt number three, meat on belt."
"Freezing tunnel belt three, small minor meat on belt. Corrective actions R and S","Freezing tunnel belt three, small minor meat on belt. Corrective actions R and S"
"Freezing tunnel belt three, small minor meat on belt.","Freezing tunnel belt three, small minor meat on belt."
"Freezing tunnel hood number three, small minor meat on top of hood. Corrective actions Removed and Sanitize","Freezing tunnel hood number three, small minor meat on top of hood. Corrective actions Removed and Sanitize"
"Freezing tunnel floor number three, small minor meat on floor. Corrective actions R and S","Freezing tunnel floor number three, small minor meat on floor. Corrective actions R and S"
"Freezing tunnel floor number three, small minor meat on floor. Corrective actions R and S","Freezing tunnel floor number three, small minor meat on floor. Corrective actions R and S"
"Freezer entry number three, small minor fat scum on belt.","Freezer entry number three, small minor fat scum on belt."
"Freezer entry three, small minor fat scum on belt. Corrective actions Removed and Sanitize","Freezer entry three, small minor fat scum on belt. Corrective actions Removed and Sanitize"
"Overheads, small minor meat on framework . Corrective actions R and S","Overheads, small minor meat on framework . Corrective actions R and S"
"Conveyors feeding formax’s catch tray two, small minor meet in tray. Corrective actions R and S","Conveyors feeding formax’s catch tray two, small minor meet in tray. Corrective actions R and S"
"Formax hopper blet, small minor meat on belt. Corrective actions Removed and Sanitize","Formax hopper blet, small minor meat on belt. Corrective actions Removed and Sanitize"
"Slider bar, accepted","Slider bar, accepted"
Power points accepted,Power points accepted
"Emergency controls, accepted","Emergency controls, accepted"
"Overheads, small minor meat on overhead. Corrective actions R and S","Overheads, small minor meat on overhead. Corrective actions R and S"
"Scales at pack off, small minor meat behind incords.","Scales at pack off, small minor meat behind incords."
"Pattie stacker number one, small minor meat on stacker. Corrective actions R and S","Pattie stacker number one, small minor meat on stacker. Corrective actions R and S"
"Pattie stacker number two, small minor meat on stacker.","Pattie stacker number two, small minor meat on stacker."
"Pattie stacker number two, small minor meat.","Pattie stacker number two, small minor meat."
"Pig tails number three, small minor meat on last pig tail. Corrective actions R and S","Pig tails number three, small minor meat on last pig tail. Corrective actions R and S"
Metal detector conveyor belt under stackers number one small minor meat in screw. Corrective actions Removed and Sanitize,Metal detector conveyor belt under stackers number one small minor meat in screw. Corrective actions Removed and Sanitize
Final metal detector conveyor number one large minor meat on runner. Corrective actions Removed and Sanitize,Final metal detector conveyor number one large minor meat on runner. Corrective actions Removed and Sanitize
"Pattie stacker number one, small minor meat on frameworks. Corrective actions R and S","Pattie stacker number one, small minor meat on frameworks. Corrective actions R and S"
"Pattie stacker number three, small minor meat on frameworks.Corrective actions Removed and Sanitize","Pattie stacker number three, small minor meat on frameworks.Corrective actions Removed and Sanitize"
"Pattie stacker number four, small minor meat on frameworks. Corrective actions Removed and Sanitize","Pattie stacker number four, small minor meat on frameworks. Corrective actions Removed and Sanitize"
"Carton stands, small minor meat on cart frame. Corrective actions R and S","Carton stands, small minor meat on cart frame. Corrective actions R and S"
Pig tails number one accepted,Pig tails number one accepted
Pig tails number two accepted,Pig tails number two accepted
Under pigtails number one accepted,Under pigtails number one accepted
Walls accepted,Walls accepted
Doors accepted,Doors accepted
Squeegees accepted,Squeegees accepted
"Pattie stacker number two, not acceptable","Pattie stacker number two, not acceptable"
"Pig tails number three, not acceptable","Pig tails number three, not acceptable"
Metal detector conveyor belt under stackers number one not acceptable,Metal detector conveyor belt under stackers number one not acceptable
"Metal detector conveyor belt under stackers number two, NA","Metal detector conveyor belt under stackers number two, NA"
"Final metal detector conveyor number one, NA","Final metal detector conveyor number one, NA"
"Stainless Steel Bins and Lids, small minor meat on inside of lids.","Stainless Steel Bins and Lids, small minor meat on inside of lids."
"Stainless Steel Bins and Lids, small meat on inside of lids.","Stainless Steel Bins and Lids, small meat on inside of lids."
Tenderform Conversion Parts small minor meat in screw holes. Corrective actions Removed and Sanitize,Tenderform Conversion Parts small minor meat in screw holes. Corrective actions Removed and Sanitize
Formax carts number one small minor meat on framework and fat scum on Belts . Corrective actions R and S,Formax carts number one small minor meat on framework and fat scum on Belts . Corrective actions R and S
Formax carts number one meat on framework and fat scum on Belts . Corrective actions R and S,Formax carts number one meat on framework and fat scum on Belts . Corrective actions R and S
Formax carts one small minor meat on framework and fat scum on Belts . Corrective actions R and S,Formax carts one small minor meat on framework and fat scum on Belts . Corrective actions R and S
dock accepted,dock accepted
Test kitchen accepted,Test kitchen accepted
Lunch room accepted,Lunch room accepted
Small minor,Small minor
Small minor meat,Small minor meat